304|TmdP0IItsqwcU1XppL6AoAGq2db8pM6CUsevr8Zjd0fb46b7
305|9yeIN00EVtfJx8JMx3JFv4p3S4uOeM91ehdcCy5y538882f5
306|mYmSJs4dti29OkVLYlSmLdS9BaxulhLthbzQEdnCc841b6cd
307|ZhNuvFUN0tWvbyfvwXaFRQklPqUTrl1Qfw2VtVjedae1db3f
308|SUAG9uXu4sUo2yqrwCojodSrnlC3CmKDQc8mislGfea4b8ac
309|uoYZC0YhRvZIhmVKZp3UW9ZrP1saeJ6pPJKjOinF66db43ed
310|N424CeOROGDQkC8OWA0UeIf6QLERKrGWPbXQ7Emsfff3c931
311|jnqo7ag0G3icjYy7rZj23ek52AswvQDvDTRI1T49cb982510
312|7j2j2LGEDwABpXSvF6qB15P5uEaYOlt7vFoErT5ef4c33a17
313|UXzSPYUlIbTWzaS6HudHf0rNQFmwsiOP2CgeB5TE3c0d9a43
314|MngKF8VGlA6wReeMsR0JTq9jSwfRp7xu2Fzzz8806efb359d
315|bePsP4T8Dm5pqhUYOzOb81MOs0b3dpi7OGcosIEze232044d
316|FUST8sAiHdu9g36kkoOItf1vf7jTqebeyJc0eTSW50d18f82
317|1LWpr9Uq4AR8mt3BFrbgcTjGgztdCXceU6gSa0O00d101e04
318|Oh9L7FDNu6iWVr9QgyNrdhltnf5JX7cyuOr6aFMcbe33bbbe
319|ExmtHtofYRWRJd4KStnmsWZYCRdb8JTCHTn3osNg36602c8e
320|2f9guKc8ykox4rwfInz1z8e8eKcezsL1aa8MCrDL464a3e29
321|uRw2Y4vrDQjSCk9ht17u4GhofvgvsrjZBAx80MDb1faf421c
322|i6PtxMvcmbCT3FbFl4QVmvcn9Tl9sBihjsGFingo15eef324
323|J6rHT5PToFX8IVXnUHDrZwjNR3rvfb0atSoundOs72ccc48c
324|nY2xXKi4LFgCICt4yXq8Cee4wnd9aiI3ViRAhlNm080a864c
325|e7mNlxfiMVXr9pJcf2OXK8DKUrEpjwefg2euwTv7e347d0c6
326|UbicVJikxQvtJ7FSOwfLNRCOZGA82uRH3W6z61NJ2b8794b8
327|o9Odhfhe5bAdQwUNQmZLf2F8OE2YtxfttCtjy77X3f003bb6
328|j3ZFNJNwUJdfHFpgpBnkxc4dGs74S9lZs1dCbp872e3ad194
329|VOGfIgQfBTGsAF9rEibstwMOCovTzwfJ5T4XKUD1c98780cb
330|6LTs81abcUmVEPMK15HbNCGeEX5Jok8uflEVetsA947f53a0
331|B9RAg3uP2eFmKvnhw3glBsBH8FaR0nHzLAQhxEOm5fd32810
332|DhjiErSipR9NXAy0AAOao44rEGx8U4SzWtV76TFe4370c5b2
333|SEGxnrDUzbJ6jwT0KJwbV5GxfOIjEFKXweclrvYs9dfa3ce8
334|Letgi4MKaUDe7PtvpIkBlQTn4D3MB5mP9mQ4BHQM56aef1b6
335|cjA38ovC5ma2iT3xPez9t0ljwtjWk0pHSVFUuaVye908628e
336|LENQhVrjylKKGAHfa7dJRHCjkLw3yAFaCTQLSFNu37dabfee
337|XtQtit0XvI201SLTIBE57UDSIvIbmE1GGmvamArZ76793c09
338|16abah77lLFdFYW4RltIsvet6xL5vZyP5fHqMDvCfecdba14
339|dpwPMh1o1wbfFoiyx9vzig8tTSgAMUJ7A0l7aw6Ud76a9f60
340|Wbf7t3y4l91TBErW1yHcwz7Ypf2Sqnx6XmLarukw4353fc25
341|fZSfDvOg95Qats1l7r8VgYgDTTEzy3D1GO2lc6zf904ae319
342|clYEtVp6gskmv3Std5yBIRvlvBMdv8QxBkLWHk8ab5185e7a
343|ei8pag4URam6hpK1SryPAVspdN5cMJPUyVzz9Eje3fe73463
344|qu59rK8dL1CcYlz2tu1IfKHc2lSTR8Dx8u4EfKYg78e89fa0
345|qjWl7kfvabgBRC7UxzKKn2Mf7kuEYOiiTWl44QkR36fc63ef
346|jJFgIhBTcdeyVDRaGoCFreba2KFrMnmPB9XKXx4dfab0c9eb
347|fOkRKMdaQ7PknOHdTs9dhW1wYY1z8dClo7XlevEA2fe2ce7c
348|S6L1p2LM0fZFyXCSPZ8STC4WvaSJhkZTctPYejQV4012c458
349|zktYLGkPepoO8PXn8lHjWUfunlijlh4NKXof4f5g80ffd8c3
350|BB4NZ0CVMP8SPGDzGKNFhAt5cnpxWXkt09HGVfg6f82c0a8f
351|MtFn2wDU0UJ3BNtRNo921kzG93foiL0ETDRKl28j06c813b5
352|LBp2Sp9lICz7iwLQB5ItDHAHFCFu8boqrJI64PDs6dd1b1e5
353|uioH8FYbUEIUuTJOpMiG1hjw764pUtCAn6A5PSCpca95011b
354|3Bdgce4aclQWdQp39vuwSPu1LMZwjN2WOj8GFt5Lf0b4ac4e
355|GEzngVeD445rshi2I2gAuxlKTe0TZ6clWv82Bb5abf26cd0a
356|URCOOYp6QhRlM8IpTEMc3unFO9SiXb63XceHBvWx7e25bbde
357|BrcyCIhXqTQsKApQ2V7FuENZN0eYdy4vziOWf9jS0aeca07e
358|mmSdER4M5ozuF4ShIHNTCZ5FUI6FQGxSmz74YrMYfeb25fdd
359|nIGluVKduOjRlO5tD7fklqGlshHelCS0vhSHVtRE960f7e2c
360|w0PtiOkiDJIRFFIJ9UgsmdogfcFr5jwnRxJte6gyb21f718d
361|eL0FsEoaRNLxGB06uvnLwlA8ek84F8AyDxXxdOOl2a5d0bdb
362|QkfKkesOTkDmTwKyOPEaAylDCgGmVXTAxVpmDJFl3ca43b24
363|WgJ7enMZed8f5yV6CG8cDW85Gm7lW7paaU1eR4xk1f83caaa
364|4nXHoqhDvWXybXy4Jxtqac66Qom8gAEOCYHmc65V4bdaf819
365|SBLaQnga3YVtcDxn1XXD5u9EMuiXxnTSsPu1jde084dbcf81
366|mfpOQrumucX4ocGHi2ClMOJvEzPSbgNXGg5Q0zuW844fdab8
367|414O6vpUXmzY4AoYOwpC9jfh3gE56s24jhIeQscIaa11fa3d
368|CrqiBasIHtpvyJkGoumsGgGsBJ147s6X4jNxgWkU2e3c0351
369|C2rEKr1QFxtcQcFq6WO5CzuCHnV82h0slK99pE7Wc5360c1f
370|0nGioXOwhxcncO6xZ7I6Azmm745Wa53iu8Ozfd4d565d39c3
371|F1go325MB2CJhMpQBTqvJ2XOTdgSRIlGOzEZPGZfec62d880
372|TlfLfE1ud4NUH5ZnzMbMKydpUz9svna2V4DyNrdg3da43ec0
373|xmXzXgVkgwDWRiTwvBYlgvgeG8LnLAhTbYzNqXhV2edb7d27
374|YWVWyOOlEXkgPxa5rNKM1bVsLrefWmPzcHXQ3xg6815c3348
375|Ov9OJkcPLnZayWU94tlOaeM3LqIAmrZPbNFDsBAU19d93425
376|ecpcimKC4niTWNpZFXXmW5DDJEdNbv1sWrfn8kSGa00a113b
377|BJEKdInEZEPkSvKxLZ5NdTpVs0kKwWXZyGtS4vPJe90914ec
378|IGfTwA90tJCAOIJe14qx1N4vSxUww5hdiQM5ld9T23e508b9
379|OCSjwwDSyEdwovhZAx2qblsZRwVcqtlyojoT0ag55e62fcc1
380|l573jnc8wI7stUquOhxUp0Ab47W4S9hL2AA7terz7484a245
381|vwHQQ475WmlTm8AqGfNBJ84AlQGgUOKd8sY4Tj975ac82b5d
382|OqMr4RAoPkxhK5CSgvM51JuoxXoTbZSft9VnVM0Se281e877
383|HDB0B4MiaXdMOkYoO0qE5o6vsfPSA2vwPvVSi6ag530a9185
384|wlD5NyJGVIOKiiLUgHg87kF7CTMKTSM3eL6ENR9c00e392d6
385|jjqIdPhPaonuSldcBxBT8mfvpXfict4KCZT0NTb3e6d97af5
386|U3D9lI6FCeJRBfVZTYjhdlOQP3eLLb9T6Fkb18QNb8eeed4b
387|0Tlmc1EjMTkVW1XhuV8Us7RxXBBdOth9sLatbbrU3b624334
388|UZk32iaT7EhsfkHh7oEDjLaHOxg8oIFsvFVKDwaZf40a6abe
389|qQjO078gDIF0ObLT8Fu0kKpEcO2sMCfwBJ6iFZPt6d3b60f8
390|OelmyOTXRoFB1ndiH38giV7p2Fy8e0KJJDpAeJ2G5640b219
391|ZDyCHEFAowqRMU1fcpuDOqEHjtXMelBGWaSo6pfQeba11887
392|0Ei6ZATttCPcrwNoe5mUoPAF2QvbOJxSAqz6enre63ad31fb
393|sxkHawwQOM0fVNbig1qgMwRmUIOmyr2QdjT82mps9d13ce3c
394|W9xMxFEch9ZpBFEeqMtlWa3p8QXg2jdqQCCOw6Yt7a09ecc3
395|oQZVnXipZv7XVxs9j6QeNpyCckKEwKNFZJmbDPWZ7ca801db
396|8PYn3aIJIpPw11zJLKRB8oALqo7f8sp6UZaeKRd6b0196042
397|MYxGtoGpbwsS8MnRIBxSvDvjTDbjerDf7RYcZxf0d51a2064
398|i6qTwaCIm9iYxVoEzyJtESLS1uPfWEc4uL4htvsv3945ad77
399|gHmuqJg2LnPd86ftCUDNQP0ep9xLSbEaPIty8YpG7b39d47d
400|kJzNUnGdFpX8oBcrLezYb5pirgCH4WbI3YTDhEMB594fd28d
401|c3vvA8LSXC3vpk3hMw1WmY9nNhVikBC1KwXmAL2be34086f9
402|ALwKinPqCF99H5lAIPVkjWn1cgYUw0fnhe2YtRb13ba9229e
403|4t8gkklUyaOcUA8yTHmNYTXzohA2jfWRTBHdlHRq396994d0
404|GvwBZnokefjVZbJ7epySj0M5coG002X0siaI8S4I12b3fbb2
405|n1GmsBSgvV2Q7N7xXe64EQJP8yirg35b4QPkTyyTb587f091
406|asjwIxxaptI7TdeSjPoDlb3jlnVYVf52gCUTAji21e7177ef
407|SElerarbRmiELH2YPvKJUFlcjWbwzKqk4ul4Od375d3f356d
408|HkkWh8OZwBH9PMEo7qL7XibSujz4BrwG0lnJJMDX8c461c57
409|Dzu9UzHzGhc1kq4VpfGqGzwDx13sVVz0tw2WD03qfa8f014d
410|hHQ9zD3S95eWhvshnbqt1wPisZFJKRJ4C3TFiIi2616018e8
411|Yyg6BRJPIAwoesGHtxD2Pdrd7itg7ISKNGw3pGB4de833803
412|98fRFYyPZwcIbVxDwgACgKWsSsYDcjtJC4vyClPF9e919cb8
413|BJCDNJ6g1x7nbIUWbrtfox0rKjv1R6GnWl0Bmvfkcd686d40
414|NKqoFdlEtWWnlBymXbePNmp4k3eZHU0owG6gxpQce5c57136
415|hzZI3uwvMgAiQDDK5ubIO9bj5AUMk03oHZBySxux56df77f1
416|Pcs7uifRrTgIfeZydEEF4Bw5px3OaHihKqPOAh8n5eb6e669
417|TLnW5QyaP09Whk2YXvKr1ftw6pQqz2C8nSph5Ng1c98b28c5
418|shSY41PgmEShtOXpd0G2Zkj7nNtQIMk52Hsts0nyd3f60c88
419|SchtxktorOfsCUDLCY4ckahVwCCu1BckGgcdUQQsac14a0ae
420|ZyAvapFTm9x6jen43XwIZ2RVEXHHJyGO7l8zoeuT19669696
421|4ooEr7aQl208DgMbwSAsa2U0A4oxJhAZ7ZskcYPuab5f0417
422|DSSf5ZRyIM0VtrbZXLHNiD4JEeDZMf824QiQytUfb7396d8c
423|0AbkYovu5tKMnS4C8wm0BoTvNi5f2ndzey508FdCb2ab4777
424|lw9L3eUkZd6v6kVOWtu0vdf2z9WHTWRPyovm4cExf7040763
425|GFrDZVu0TtCvtaPHz3Xy3Oqe8lhh8cvZu4IDma1gc62b80fe
426|6UaPV7OcAOQpASsk20lxZgZYMJOYA9BOsdINanlv0b051cfd
427|lbFtcvSJEBge7I9ywZfcEpOfHQRxT6IpR7fzNTbPc5f7ea16
428|DSslm1Ey04udS2mN6GA0aVVwJMJrnzIRyRsW7rbP20e1c705
429|ok1JS7NTPWbVJur7vXbEFPXOlue2LtW6fGKbAfaH099e5916
430|gV1AILCCXxXIuRdXjuGnpimwg0Zl2dS00HbQWhX4217bd620
431|eTcvfgBr6MNgj6jdWIKOxIRWm1llnH4Y6er326Bp328f7126
432|ioSfeboEhEjORnVM4Bk4XkPFVEnlE6G3J5ztkZKnd1a3f8c3
433|A52gx5VrVxduPwzmlMM7PBbv7yigHdbJAwr1lXoo83221c29
434|l9xgDZiJCg8KC6hm4KjDba1v3unKG4jdTVWi9oizc0ae54c4
435|OXjU2ueC7z5anzi2tmAJiIPiTat7ZFO4j5ZE2ydXd0941cae
436|rwGEC6VcDtIHJyHPwi7Oga3spbYV5lirA6p4MJAj6dfb7924
437|YsAd4hs91dRwwsyMgFZRqcjyGFPw61pBNMXJBZXd58f8023d
438|LWI2z0ww1DeuO3xD7mszkue7nF3iOqGVhmwtl9ay6924b667
439|D4fa6X089C2hK9HS3hQ3gCxqHOucDn44TUAny0oo4a62bc71
440|JECXDX4KkYI3pILRVjJDQvVYl3piOJRVTrl0Vs1L284205be
441|xeW5uteGkeuyRa3YoufjJEr2Ty4vP0eoUvtByKq4f4a0cdbb
442|mKwcLiW8BpqAeMBkz7HHvKoEOj7fEZyZRRFyZvAO95df88ef
443|3QDHQdhcdtkdGvfnIFIKU8mqJ0Kx6ZE4tc1RJVox5a9839eb
444|gFqWgIuUinnxgZsFyJdnluLGrgQEu3kzge43eele8232a884
445|T9JFui0OCFQl3wKvoioUnRsUlYsuneGialdk4Qr00044edf7
446|5SoSXjk91Hhb2WUc5Jz4CTLp9jyP2CYhMd83LiIOc779f67a
447|OsUhmGlQs8tp7Ka5xc6t0O2XwnaEmOoz1mWAr9KCfb80f2da
448|jvaPmbbVAO99Lv3XTsIzeywhSKcqNEWe5pH8kGfie2ba45bb
449|xH6ccDrQgYAJMyESTokxEK5pS0PBs6eLQbe8o17I42ad1e62
450|4d1nPZPikz3HSdKcV1c2LpawUeBfjn4TskRlm9gJ9e588d12
451|M5cZUyO8M6Mg5PKF4g4dx2nwKf8rgcfxFVq3lSSVe8e694fb
452|xCZs2Xrr1t1EMUszPcLC7fWtghyL5GuEPhN4ezjE3936aa2e
453|rQQjYBGLnZ0RKXj2m5VmuSvKV0EZgQo7TdGe0QJ21a177c80
454|zeveGMD26HwIIj1HGSVPFgjgxeQ4So8tY8iV3YCn2f300263
455|hCpmJGpzvAKAbLVeoVdsKO7zwDJ78ktp1yIOpvEac19a4bbf
456|ANJBFxDLuXdtFD50xl5yMw6yE5qO75dwRMmnvJVe0f8f5220
457|RPQxdgCQV6tUkqNMQqqJUSUBSi7kYIKY4pg8Pmvz51bbcc82
458|wtUGtdp7NNn1Q3ej4khI24LSPgCgjkUuRgw9ws0Lc71c3168
459|nkyZA7tov7IRnFQZZSicacLz53SSJG9EUxktStBdf4c994c2
460|cxg5CMdvIuCTYVParxL8e2VKVxdtb72MpwoMdAald3200901
461|GWSaXq7nPO8zO5GAQxaP65qfVa5rsU8YpRkUvvSB5697902b
462|KnFFMMKuaM19zeDi2q1gS1VOEGdofCUAE4ElbJ6w7b65a347
463|zrhfWhfsuFIuFado2TtACtLP1XoCEShFbJn8dZHqd496043d
464|xLuiLU8OjYHPMZSVo7TfQ63u9sNXpy0k1D6qf2R4ad2b7d39
465|9VbzYuplFtV6IGFdeB7t0UcjK75W4JayTqZ82il7a84db326
466|rvbLc5cBkU3Qv8OBtC80pXDWIUR34PXBaCsObOyC5eefc800
467|0Dzx1gcixcFWok7Vw1lZGF0rwugeZSz60vsviKWk45027f96
468|tCrLidxtLYY9lQPMnzSVJBVO6Eo7YFSPp9DzVBTb79e1533c
469|KFHnw0imUR7jKibkyMM1JdvNMy2VuPtSBlTvvnLZ7327751a
470|Q9mdmvCbJ92dPYkSdyYFpRrqEH0s9BJcEaHnwmUubcd3ca50
471|RXv5lNWlGCuGhafoTzXol65Ur2flHBYVgOu5Rasccd185846
472|YvtHz6fH9TSWGveH6YW8vOg3tKSi6UpLS9icipkc571b1cf5
473|ZdFXgTQ26Xjw5ex4WFURyBJ1qJ0fN3lc0q405YzFfe5454f1
474|BXLTpyXCn21JnDKjVd6afSMdIu1YaoTGHj73Gul0f48f15de
475|EnuVeBmFOLThwuKr3S5NwPQ2pR1FMSluF7XSIloS1122fbf7
476|zUFLrsv0d9jYNpQi4XhszQEWuOvzX26rCaBk4e4Ldfd1b479
477|fYTBJoHZCPsNyipaQRFrSx9COvL4ftxLMqvusmNgb2c51e4d
478|vkQyEsDnD2T1MGzfnJJeNq5QO5fkuHF17mHu35Sdb045be00
479|gSEZTCAlUb5w8fghN5wnbJWZ7K1gtuCO4MgCTA551eaf2bd7
480|CgzugvQOACqIAODZ90qV8gh8Qa6UBJ3Qv6cbbFgda22ad2e5
481|71MCyLmNGyuIO0JWS63g8zsRNArmgwNt7vN3UHpe714e5407
482|Hcr7oj6wmvNK8uNL2lNve6njQKLbUY0b6TK9ImHF56efca08
483|q8azd3kkGHpQhZ01BzHdC0jC1Vom0lONZkEBwvJAaf07e160
484|NQTQ1fr5G8OQ8MzJDjmZiY45OCsFr2phh6udRnly9394d48c
485|fyZwxndF9TwcMk1xTwW8vnCywc2XO2LQ3fecLuW35a688a8d
486|mJKikNHQUe0h0RKlIUZ4DqvXMtZbDvEN1rjEZU4132bdd691
487|vqU4t2WKZazxufD5I21ItC2PKuDP4S8q0287DuRy3317e847
488|9JZzwYVOUiqeMNhwykvBOm1LZvEDXmgl9ijiuBmU4ef06603
489|NVFvv0nUjAEl5bXU1KcPTGSYHE44MCVelNr9mnAwc2d43135
490|OcpYJEHfnZEM2qtQgXz6oUyXQ85b0cux16jk3Y0h672b7946
491|kjOJY7iiciGF6d8NLeivSJpRj89dDU7obxU1zXA2394ba3b4
492|5POJalP8876Xb25vuAF8UHMwRhgOsbglRgvumxfu8f24f545
493|aXujry7kffKnm8MJClLSvaaxwnm4BucUe4zfJujRea5777b7
494|44nQbzzt0R7TlOG52Z6dcLfOisgNgrul8Qih7st1ed252d4d
495|mQXD9fVEBYVyJo21WlYqFojTu0QZ06dod07pkEwNe5d3f53a
496|sQtWNU6y5c9akkGerOUmoR4Ib8AnjkuSfkyvONmk982b880e
497|5T4QEjlxnFtQI66p8JJmoD2hmMedTZDkTLa2MFCYae421ac4
498|eFQA1KqSctZADhZLSVI6oQN6hVeOfWvy5gp7lt8k87e5708d
499|UQR11Pfm8CPAigcudcoUVwBDsc3TAfXBQuG0xQCueebb5e6f
500|5JDTjvOTtC24vAPLwKMeu31KhJsVhg7TLHqGeHFu21000e62
501|z4Z6Epcuk3DwPJqZq7To7rp1ETOrLz5m2NFslKKN43f480a9
502|q3s4Tv4AYBLkVJPIn2lQEjkdLaSZWgOPJQnDJ0Dx9ffc2ef2
503|v1NMlG2PNMAVfKEimDPzT8ts9oqcRsGDEbktE59C7d12148a
